<configuration>

	<property name="logFolder" value="d:/mylogs/" />

	<root level="info">
		<appender-ref ref="FILE" />
	</root>
	
	<appender name="FILE" class="ch.qos.logback.core.rolling.RollingFileAppender">
		
		<file>${logFolder}app.log</file>
		
		<rollingPolicy class="ch.qos.logback.core.rolling.FixedWindowRollingPolicy">
			<fileNamePattern>${logFolder}app.%i.log.zip</fileNamePattern>
			<minIndex>1</minIndex>
			<maxIndex>3</maxIndex>
		</rollingPolicy>
		
		<triggeringPolicy class="ch.qos.logback.core.rolling.SizeBasedTriggeringPolicy">
			<maxFileSize>1KB</maxFileSize>
		</triggeringPolicy>
		
		<encoder>
			<pattern>[%date{dd-MM-yyyy HH:mm:ss.SSS}] [%thread] [%-5level] [%logger] - %msg%n</pattern>
		</encoder>
		
	</appender>

</configuration>