<configuration>

	<root level="info">
		<appender-ref ref="STDOUT" />
		<appender-ref ref="FILE" />
	</root>
	
	<appender name="STDOUT" class="ch.qos.logback.core.ConsoleAppender">
		<encoder>
			<pattern>[%date{HH:mm:ss.SSS}] [%thread] [%-5level] - %msg%n</pattern>
		</encoder>
	</appender>
	
	<appender name="FILE" class="ch.qos.logback.core.FileAppender">
		<file>d:/mylogs/app.log</file>
		<encoder>
			<pattern>[%date{dd-MM-yyyy HH:mm:ss.SSS}] [%thread] [%-5level] [%logger] - %msg%n</pattern>
		</encoder>
	</appender>

</configuration>