<!DOCTYPE hibernate-mapping PUBLIC 
    "-//Hibernate/Hibernate Mapping DTD 3.0//EN"
    "http://www.hibernate.org/dtd/hibernate-mapping-3.0.dtd">
    
<hibernate-mapping>
	
	<class name="in.sp.beans.Student" table="std_details">
		
		<id name="stdid" column="std_id">
			<generator class="identity" />
		</id>
		<property name="name" column="std_name" />
		<property name="rollno" column="std_rollno" />
		<property name="marks" column="std_marks" />
		
	</class>
	
</hibernate-mapping>