<?xml version="1.0" encoding="UTF-8"?>
<beans xmlns="http://www.springframework.org/schema/beans"
    xmlns:xsi="http://www.w3.org/2001/XMLSchema-instance"
    xmlns:context="http://www.springframework.org/schema/context"
    xsi:schemaLocation="http://www.springframework.org/schema/beans
    					http://www.springframework.org/schema/beans/spring-beans.xsd
        				http://www.springframework.org/schema/context
        				http://www.springframework.org/schema/context/spring-context.xsd"> <!-- bean definitions here -->

	<context:annotation-config />

    <bean class="in.sp.beans.Address" id="addrId">
    	<property name="houseno" value="567" />
    	<property name="city" value="Mumbai" />
    	<property name="pincode" value="56789" />
    </bean>
    
    <bean class="in.sp.beans.Student" id="stdId">
    	<property name="name" value="Deepesh" />
    	<property name="rollno" value="222" />
    </bean>

</beans>